{
  "best_model": "xgboost",
  "best_cv_auc": 0.761,
  "models": {
    "logistic_regression": {
      "auc": 0.6735913847146998,
      "precision": 0.9391539153915391,
      "recall": 0.6210788223669329,
      "f1": 0.7476943582540899,
      "accuracy": 0.6228603868977485,
      "test_auc": 0.6634301549145298,
      "test_precision": 0.9372024076902344,
      "test_recall": 0.6209523809523809,
      "test_f1": 0.7469836382514052
    },
    "xgboost": {
      "auc": 0.7609825842911666,
      "precision": 0.9062679576281294,
      "recall": 0.9950832748008905,
      "f1": 0.9486012597174147,
      "accuracy": 0.902975642151717,
      "test_auc": 0.7537954218813594,
      "test_precision": 0.906321153637645,
      "test_recall": 0.9951190476190476,
      "test_f1": 0.9486466549395676
    }
  }
}